quality_1,quality_2,quality_3,quality_4,quality_5,quality_6,quality_7,quality_8,quality_9,quality_10,quality_11,quality_12,quality_13,quality_14,quality_15,quality_16,quality_17,quality_18,quality_19,quality_20,quality_21,quality_22,quality_23,quality_24,quality_25,quality_26,quality_27,quality_28,quality_29,quality_30,quality_31,quality_32,quality_33,quality_34,quality_35,quality_36,quality_37,quality_38,quality_39,quality_40,quality_41,quality_42,quality_43,quality_44,quality_45,quality_46,quality_47,quality_48,quality_49,quality_50,quality_51,quality_52,quality_53,quality_54,quality_55,quality_56,quality_57,quality_58,quality_59,quality_60,quality_61,quality_62,quality_63,quality_64,quality_65,quality_66,quality_67,quality_68,quality_69,quality_70,quality_71,quality_72,quality_73,quality_74,quality_75,quality_76,quality_77,quality_78,quality_79,quality_80,quality_81,quality_82,quality_83,quality_84,quality_85,quality_86,quality_87,quality_88,quality_89,quality_90,quality_91,quality_92,quality_93,quality_94,quality_95,quality_96,quality_97,quality_98,quality_99,quality_100,demand,quality_min,quality_max
80.12545034320351,94.25959364753288,86.3477452647578,66.51737708325719,62.82274989601719,85.69677112825262,61.06045242166487,83.43102325093852,97.6092096569983,83.01896711503517,75.52679704826087,85.73152873769413,78.33011561966066,81.8246715726374,97.658592351061,75.44410551203097,98.44762255295657,96.21402567824255,67.83164539157185,62.77445203500662,64.03112005509706,60.72887302606199,63.77771843023714,87.32027093665428,62.84754593840916,72.75902521175045,93.79501243877817,60.93087742943303,92.57873930355743,71.27419099093599,64.72659310486625,87.86948661456603,85.15771387119536,95.09888054108211,89.40284175215544,92.13923721539393,71.28138290285226,67.09758175118891,90.02459006563433,92.27338957069057,99.62020568002694,76.50470707645707,74.88072343171133,91.05651842967987,73.63214161012071,97.23029302414258,94.33651007372048,77.15976109500073,90.03484271165989,90.1817149633873,64.12495475343731,96.10211626718267,80.21009489791429,93.05829864430967,72.80198404122447,95.82092913984802,75.56806714936653,60.433506059211936,96.21527905677056,63.65146707144534,72.7725455036166,98.0024786820322,98.02428587750225,82.93751552493144,85.27348848679196,77.93782087913279,71.72843086792258,73.14658181479663,86.90073824308153,90.09498117750721,91.66316174903395,91.58472571178216,63.64824412194761,79.77681218810326,62.30235040066577,81.98115529294942,77.66122005493509,95.508167310332,74.03660050208315,64.68268065710423,65.71966728211343,90.46042526869888,84.72872253265044,64.04490704491161,63.364272244599896,88.0387652583648,62.91052025456774,92.87440237161425,88.24968908625985,63.25395122567599,63.39350856340768,99.46558314004702,74.9708318302448,74.82568588267563,92.5119826903001,97.88994309535434,99.44004255291483,90.13512741035767,75.05038342123663,63.340028667946754,112.5716742746937,84.08265885966654,96.42031646154288
91.08587663709747,82.3361699894322,76.96888036987906,96.25417540378945,64.44789929224605,79.70500417163436,60.454145790696764,78.74642567976505,62.25213102727349,64.75271665072287,64.7010498710842,85.96841208464255,89.84179517061693,83.33475060388639,98.48690193898167,74.99482318094816,71.42848345127443,94.7439651275784,68.9438335407781,98.52890157762445,60.48617898759265,98.79515306830555,61.72639647802305,95.64572454792284,81.108044363452,99.71859184477202,62.95186258941595,82.15417137605283,98.77210142476396,80.92391376680595,85.1759455254105,87.82994755938469,78.18164259071094,85.10232320336254,83.372572476924,96.04632041963956,61.81785521365831,71.2385275836892,98.01645936306235,95.61055135563666,78.22627011142852,84.80530391206148,71.0952473192453,67.52484638895045,78.54793619759928,74.13408912104211,83.34624447403488,63.10938547859939,98.97579230664667,99.44842977918412,87.9264685607898,81.44385465376482,72.38110465145311,92.55180078827794,87.38924690215518,66.50467757379565,96.4370873797537,92.90148971692676,97.99199653167696,89.0287803355344,84.5366078374316,76.72972145162475,97.30913933416053,94.64255558001634,61.808746804247576,61.05467897989008,75.05853467512199,92.4221332312733,99.49104517259778,66.01667564414113,83.7652286140854,75.23563426524086,98.79657591258413,93.68475692542835,93.53314818844552,78.7477263917988,76.5927800935066,70.93628287722825,62.25501986603709,94.58889505020213,92.51604036520311,99.98870693144522,99.86547348295622,82.2172682241051,90.75949660722043,97.79062919529713,93.98589562709645,69.8939240697279,78.02176541240374,65.1663766060598,98.1620410903489,84.2469853780352,69.1457122201385,86.86802737623427,84.72512961831583,74.32650872131362,64.54230368798517,86.86292782371198,80.81230803615173,90.89273566942558,354.56416450551217,77.39561890666972,90.84139964995049
80.80654004447973,94.08726001274161,82.07627355097942,82.43751886141546,95.06614410633381,76.13931464849588,65.36060913802562,61.15130705253356,90.20549022694476,84.8123820541386,88.16319072396894,68.51856646035642,65.45485902347079,60.58178662671528,74.02350235226388,83.59670747418532,75.68976180398928,77.49899688094916,96.16634777974994,73.93021868093201,80.55957956639243,91.34612050964571,75.8617112928508,84.88346800911494,94.4945483498698,97.98082494630569,65.88293923716152,97.06350500645978,79.68465172318153,70.32977553195833,78.36543024953045,99.20130301141909,79.70472375971478,73.15006441150032,85.33603417266903,69.60582475112773,63.03453312434656,65.15518887642597,65.1218335583109,66.07610774049178,65.5530869059764,85.63498979212858,67.27520337596579,73.82669133295452,95.87153639624047,78.95846561051489,86.70230954084109,66.8927948480652,67.69156075234683,61.63474465065916,66.75740252288658,71.14361356127834,67.08041937106987,63.548101350282224,64.82543484402403,78.43115072130902,68.2533487362317,74.57079444192301,80.13669083419427,87.61579314517462,61.57248559364396,91.9764159563617,85.11601557963631,63.270361277954876,94.94314496427108,96.83489602127253,62.44311839419455,71.07510592588815,92.24805119172245,89.93038761534633,67.38084077425509,68.37397293346841,74.81888411165528,79.38091940764085,84.73019086121184,74.75654558279089,78.50138864532592,89.89883752535026,61.467328115623914,70.09747777376083,88.5339834353821,95.80827350748797,80.46709768462665,81.28453941061262,64.28688045359104,77.89649467293819,81.30469065820093,69.69882014538919,70.76972923797524,75.0913665241849,60.802847911109055,72.88316662332713,68.45792027986178,73.09989408711658,64.79048527277004,95.6210912295958,83.74369814216195,87.16409276577959,91.56684954429353,79.9376879571623,225.74239243053069,76.44894872091223,91.61628714094614
63.47681152349695,81.48426167274191,83.47364472083517,89.81757896737321,77.26638184918718,65.10321211182256,71.35103623194898,74.5232918559454,85.83668965326405,82.83113218675648,74.24386903591385,99.46060995171919,84.23099277427548,69.48907166943978,64.07129890481615,66.11436556737328,69.83830913538033,66.42725493038223,67.46268096205223,71.40380674775389,66.93494381179019,95.87061698505701,63.20934982646569,80.98045558281018,76.41587307958646,99.29514467634425,64.4815560867221,75.91422396182966,98.77881733101475,94.62028503575921,92.68288283797119,70.3161130817976,66.83550349560264,86.74572879697723,97.17503956510343,82.2705157205572,82.864507578796,71.19916374641137,90.77971732767747,67.48174994230094,72.94716945616975,77.01745754465668,80.3044151473782,69.69638929660321,64.59347298956814,84.4248016976653,71.54522212961024,83.24952885690449,66.17450861096809,79.2456040741927,81.30357730206343,62.07294147289708,73.46417112775683,65.37658707755897,62.53499881891071,99.5984092955978,72.89415379898892,92.3949778341854,70.18562619055055,87.26010888895718,90.40911439558747,83.82554962431377,78.86304754200634,76.47363656589074,73.95473066171981,97.18116576991304,93.22477631150917,98.60107642666051,64.97188893942179,89.23469900814577,97.53361827284152,67.24932264662641,62.6598506946711,89.64482597160236,82.97892452719648,93.67315107033087,65.59089506505158,91.81069247439561,68.06509280190978,66.54623771462818,66.57063191723972,92.58298880925528,86.607888827848,80.92261699076477,74.3532193649401,95.08802163252433,75.69780429690542,92.66397757886308,77.56539634280874,75.0777771769963,78.50719142678426,72.05511496656568,89.90437520705004,80.10881560369917,69.2885078058727,95.98298293098273,75.35564885492846,81.74211444455955,96.25888443858187,84.96951983655968,303.42827646588114,79.89452760277563,98.98554188527079
64.67592162833456,97.59328494453901,85.10832212285672,73.39622458628344,65.57088290653549,91.76100757081184,84.80291023714054,81.33844367905286,95.7557033220383,91.54388844898122,66.06699518931005,72.46888271182193,69.93956559257863,89.75785170290708,61.341297389431176,82.79558739485266,90.49834742962761,95.07062547046998,73.6832699486363,92.85029218688052,64.42526947820829,93.85809166938073,65.09954649327929,75.89149162241469,91.89181463118214,65.99669709395096,69.17005580930567,88.89010273572265,88.80146146184298,85.6459053154119,87.75793777868401,81.70897773390385,70.0719623562781,73.82783974015678,67.26390867205703,96.33802245334513,83.33567179064482,76.0340566705456,78.48023214576531,97.89133358447262,66.13405612464321,83.44919328067189,80.23554715537864,84.45816941738592,60.72440735283362,94.88495635776606,97.28473129934449,82.60532734356836,87.8660329550757,96.89997524709183,88.28954537253594,66.10156171657046,83.05153440667253,84.26860185531424,76.96522685209544,89.45776942498891,97.37468059076059,97.02274051627106,78.03357485616529,64.52952183363021,99.39364795849337,93.55592345783737,64.98650724813068,96.83367530469489,94.79585448248514,80.75352228504289,83.65101742979718,75.96010815480521,62.19046555288125,73.40788966583604,92.11413794392045,60.18528092018411,73.33996686764577,75.92674774363773,81.49582411751692,96.79422465651042,73.85383977463844,73.8781280758491,89.50004992438994,78.08871763559229,68.98419291759927,78.09758064530774,65.634280815192,67.05547946024893,79.9347109095792,76.75701798018191,96.593836042724,74.49575596466532,83.22353401112174,85.29057151678121,60.523778263533345,86.54149488066842,67.12143867479006,98.4428126987782,65.94650911012452,76.58496494908096,63.413986723145754,99.87497007383789,80.08780041324971,83.81540069280175,463.0265895704372,84.856504541106,96.0642905965959
62.6830590955371,89.99841881596711,68.39622372382343,95.92217157762855,68.20558561928028,67.62750882654666,61.46198671392379,78.88267780439998,82.59364533050466,62.6283455771341,91.02110466780042,78.13155338992111,80.9756107731032,77.63050987752912,76.03052243501304,82.38561325232871,66.2096098372285,67.27712521981084,94.47142484054069,97.84461848534531,74.93237265119012,70.82978692574216,85.75998172956062,76.34936684392386,61.015454226413794,66.24610389464762,88.6388891538959,86.35695767640605,61.083839700139336,68.87888647731798,69.24299186352286,86.87570974394913,60.788421510174565,64.16434327938295,91.99664341492758,67.14178648217334,86.10984431407499,69.52731124186906,63.97765571037381,69.72688763997816,88.89067727422636,94.22785872425143,93.20879458267967,75.88734118473819,86.72340546282584,68.19937181663283,71.72590921044053,95.8534327408448,60.52007694042944,63.42034123417872,68.31545020584109,61.06128815495279,67.25741740359189,83.32166243878768,76.85698202369991,95.706868443079,92.69774246953764,73.67269406791505,70.3769373372517,75.18769632669068,83.6117977005923,70.72254563291506,84.96595631396536,76.37646608764962,82.0818872340792,77.44506116541267,71.7786303816767,97.93813227848626,90.54423176639042,65.6045270306581,94.73871903591652,79.49724792998055,95.78208907576365,91.99421023789262,77.00854017876934,60.8987723328047,70.74709437539784,81.66536858643468,85.33912879304589,70.31550741732809,65.57424296291296,93.39720947197196,99.37608722814208,81.02760729210743,66.86717143393214,70.89229306077476,60.73562706189867,96.57195226241996,64.71004331560565,83.06065902057014,70.96220882748824,82.16712010063173,86.05681553407457,93.18967214828807,68.25685087042413,60.43983314633922,65.47542520275229,96.0007456739242,94.95560310250062,83.89652408681233,199.71689165954996,77.42055271511501,90.0919705161663
84.02067441734613,86.60146698185022,67.01485114493798,96.5764778369984,76.75082099568293,75.3255411299799,80.75670821131351,61.8786386710022,66.65133475024318,89.52134465705481,63.31194671700506,84.12608437865552,69.81396438725284,75.57182456167907,71.547749470828,74.22690865859796,88.76183620736981,71.88486862492701,82.65618561187588,79.04201608796399,86.54684661450592,97.47318957299032,89.30288388841001,68.59761514363026,61.24732540245139,70.490561771993,83.8031172280102,62.05703253937001,79.85464988804945,83.87371395667557,73.36975563267843,90.83648814983287,64.26393012535087,63.00551126943235,89.12755024814413,79.81965264824794,87.53609585710944,77.39309354414985,69.85608132956428,92.76409270696799,91.97663515875917,87.78785883417707,70.8858054891985,83.60922667476348,74.43895587760107,63.66328293306537,96.69254301848972,65.47274523675846,98.0094941528321,77.84023091831823,67.40531715354479,81.67603789513433,94.91783343505634,89.28899545638245,92.262445914458,86.35133466842869,87.6910625807141,93.96782606261277,69.98672035436743,79.57699854572562,68.8483776727841,99.50672031986588,97.76237358746454,61.57707245474023,88.22300690062754,97.00993269662663,67.22301380509334,82.71780922210517,96.61953190352168,61.35783914343195,87.8968106898736,71.89396029490203,96.97584781506121,98.84232980661471,97.77065956453735,78.96856866629855,94.48170603957254,93.7819759414028,72.76401892973023,93.1566189660271,61.480305388619705,83.85079513928213,69.20035349150812,64.82267543109116,63.078128065168364,87.8515510351256,73.59499855072265,88.99067086115046,62.614253631957695,72.61161351322441,81.5796516950135,91.62892659355855,72.7501001172828,85.03565505748037,95.43910992944748,84.63452752729218,69.31837899014535,60.97603126226152,94.80395495603719,60.850776434015486,264.1531692142519,81.72135547405878,91.01471542866032
94.98806690736798,81.15748536108848,97.56270794051585,91.95132943094661,99.9173644213335,74.0284726180684,90.68753155724508,76.07723654436968,79.19502481215636,85.1002185287348,94.94708456745354,99.36333876797181,90.73093655458072,76.71067128669335,76.85428009108281,89.50329206355566,69.55108583073209,64.41896452525579,74.18488630563107,71.48955966616327,71.85232481823961,69.3443100419964,61.68372758545448,60.714957389336554,99.50889558944127,77.1109253494345,75.37306588638727,87.1858913077228,68.73015551460257,97.99844735800902,91.45380057662209,63.57644009249038,76.70323103139714,95.16473230248658,97.7892808916564,78.69606044999479,84.53645556842831,66.681357843683,99.64674504547907,69.26686805533774,97.70927096540503,85.98586595969473,84.30947179515437,80.50754044066034,69.22679246871034,67.06112128022033,68.81944836280701,67.45753048577018,91.18337894267013,74.00501036666921,62.313707062535855,98.76410520563246,95.35143539853703,97.11009132780852,99.7963129058574,66.95580996877949,75.84968075610635,90.32953902816365,87.8408247221517,66.1558362535942,92.6333249996247,68.97762287346643,68.95270459290492,81.47897691573654,83.71759739366813,83.20344831351244,63.65947349591019,95.09843450521521,70.62400170354825,65.18059685131217,95.54992319475909,98.22605992919014,94.48510469061802,92.38064298899512,86.20967922556088,82.03429482436557,63.479470396456406,76.33812852282794,74.90754068049256,70.39015135041305,88.9368045475434,79.83502940315083,63.24184863630592,68.80732807799245,87.33035054638384,63.045234379612005,94.04827656195076,79.80586108055897,79.22346309306592,83.6963113863807,92.98723863700596,73.91236831608772,87.12064610236254,82.62927855983165,70.68113080677685,95.14519945420632,91.89704086427713,86.33807338633702,94.02326916376967,94.6917680383921,402.22045541721945,82.61619615328718,96.63501769108056
88.3345190686014,93.48053313454687,87.89885846677134,87.20563087041202,84.74445512860737,90.10866558230565,66.34420421172295,95.23483036795713,94.87374110980929,61.169891321382366,93.03267002259051,65.1547946989378,73.40475417036568,89.74033025166432,66.43039584193232,92.71868096476248,93.28536711830968,80.29870935043346,60.25543486867334,71.48152532699652,84.67707673502969,99.24744712109694,85.27254108066674,70.39214324256639,85.36022812398446,81.59941518863423,91.19381580604575,64.27922555307833,90.44111610008112,81.65066314704441,98.51968015435978,73.67488664154745,85.30487572535793,97.2811242204007,64.10038911962717,97.48913948945804,87.51542889203253,62.713482364206875,72.03854267787266,88.32688354581126,62.69402405875087,83.28681840705093,73.83532227811827,84.83662071069908,61.829681352500515,94.86147224609505,98.93955876709587,98.75511421142767,89.986073269717,65.20344960522527,90.3305278371609,60.98347665835206,60.88494206115989,72.94440876598165,79.54572761618664,90.81629671231173,87.33181506426021,77.83610825506993,70.94506665126664,99.88498000630844,77.04725208943891,78.05548097318702,66.54495284766676,91.79238194999718,87.74728903125954,68.83078451155042,63.295241824633706,87.21997208298852,86.1804485712454,70.93038107992837,98.0345424900164,66.04231567123601,77.29339204170408,97.74463680670395,76.78909267704489,85.54103790656342,75.90377591851177,70.9686080939468,99.35910591839313,76.37336025260171,95.76396814716537,69.19818423564345,68.52418816100334,61.24536331538045,86.0666730150354,74.74105374895045,94.57432999358548,78.9283962676623,98.72773711658887,67.42102062812485,94.74492671822443,91.06387411166966,90.83687378576208,93.79132912467551,90.44095963771996,85.04881286525662,65.2497951072955,61.30104717965008,96.83391391262748,84.66601258082952,191.51926619664897,77.37637543992399,90.05061583846219
91.86149163904705,79.26089406050201,64.69232755849578,65.00743168810202,87.42261148915885,77.2122357959785,68.02098906801346,79.66378186965747,62.568357483005364,83.27885607657595,70.75973617740391,91.90236402548753,72.41447835694295,78.20880596327206,60.46482159632403,62.89787551178235,75.6997422562674,79.19755338868494,84.00082192477214,71.66650314837213,87.79927544506171,94.40489588756819,91.194039555734,61.58475301393429,79.22027789031316,64.197207136727,69.6818006345011,99.46650373068586,65.69982171606053,79.95552613805424,84.72622937272476,88.09859882176416,82.38594733947656,60.39083389676735,73.05845232975967,80.70846573538846,63.514659965793335,74.02507724836723,61.328124351654665,63.14313988620083,75.87693104806384,65.30863016172242,82.70163393046232,87.57859876549063,92.0234679643633,68.0060097697924,66.69930329036279,64.18271361337601,85.45720998174546,88.25902905947605,61.26344579302568,97.4484898497476,62.0788513460589,81.65185341204281,88.36242077803666,94.83876494984342,88.56347728529711,92.06912332279168,73.57800770171224,92.5930045498605,63.204593855387,95.7926662424211,81.90369504614945,92.69191079849975,78.092731380732,85.743107807861,81.05610643744453,89.26358087021327,63.26519928122358,62.41408335962255,69.88412936040586,66.38178720452754,94.87134266368807,68.76855949432178,99.03461023276526,73.47583167084427,67.28471662754797,91.58794028569916,86.34831102003504,79.92782865812556,82.21454203750525,88.76807113089055,69.13818965325194,99.85335664226967,98.99172648587133,86.01302745387747,67.9816980371658,87.20912969725165,62.887936359167036,61.22610008823224,70.30731554044854,78.50491826957266,94.73090021633521,89.08676279065233,89.70826084799924,77.01973337792302,73.83739970187852,74.8415505193841,99.50598254944231,61.6043676564993,130.7919639315172,82.28216348611859,91.60808051417499
94.68125984489794,83.14701634289574,77.54461676758362,89.01030641660546,79.46675765698811,94.93692952326643,96.02807456045034,76.86883707493821,71.07311188940207,83.69401314373448,96.49453382466764,68.42648756022666,84.9186633425393,85.26240880370082,89.32452089661123,65.2627074050904,88.63299858728354,96.36130082662564,67.18732435480968,69.5017329969551,98.85580376166558,67.23907810837959,94.17540373478317,79.69111425792138,69.88924297612708,94.82999605090046,77.81221020010662,80.59269415718761,74.36933477599062,83.71803405739709,66.54095490340092,75.64326146607043,98.7764928934115,70.3253373080451,86.26946658165168,73.00760256898779,90.93892502746402,65.23494642873399,98.79284180314178,78.15158165534557,69.44201853385856,62.93986989320051,66.79031620350163,80.79095794224071,73.48012705725145,93.15533463530437,77.23550094647223,69.9485709035052,84.6857994641612,88.27108867541783,66.681676316038,66.7047686515327,61.46685707734172,89.45608060262562,86.5521811048722,78.98523502999255,93.76681795876789,92.22680611800213,83.41417457587008,94.73085122053035,68.23364840147073,64.47678477590911,70.78998446067959,62.28347424357259,81.24678112004128,97.46422769179846,61.573741626740386,64.88439656040107,78.08796113133741,97.3550007011162,72.64624419907003,80.2893923475357,61.662914362015684,65.93372803848355,99.46520491835388,98.60474785744182,60.19759923737639,98.07247141692956,85.56479751262002,94.71673178080088,78.18959422535437,80.62384114317001,79.5538632102768,86.67457030184417,65.58605019025252,61.19894359490712,72.31719766364763,88.18723050946588,68.07413808491793,86.93729733299669,98.79648184429081,63.75602863157673,86.90408472900505,77.75000877218284,94.72569017510021,67.08599157789544,87.70503808904658,93.52461158592442,97.78456877896093,87.32992113158583,215.90058116550722,78.67783132719254,95.48733789366587
79.8869905603371,84.71388960804856,94.75619937914873,82.82438986555319,61.21548238787347,97.23794782027912,87.58107004126245,87.06053543108986,68.62700609590868,86.35541880930629,75.75457622616634,86.04931908165969,64.26372121231962,86.31381218412145,99.97654903082666,61.92848155442224,99.0869673688527,76.27631842891482,94.83013801349037,91.29541936233093,82.68065043946672,89.53796837005306,95.14062245205392,76.16561286604131,73.08132646252955,86.70373542254339,92.31383767765034,90.49140539106463,91.91254595434538,77.42333259251731,92.71336864700086,64.80836221482434,81.77956391843398,60.230346419924864,72.98343319601081,74.65846139485592,75.84690766437022,87.8186882675945,75.54232405081383,77.94774490490123,69.5017652349731,74.9300716651736,69.09078509052605,62.92783695073774,84.13794373525512,86.72851194220065,84.77961384038458,78.5397617520229,75.19143120716919,94.53334598287302,80.76327140544872,79.16727510518925,61.02568263225743,73.64991310504625,75.20782475143429,75.95291123587602,83.2068947690933,81.34410186907513,84.31620371173778,90.59533046168514,92.51942954864374,88.72492304905978,98.22094783819739,60.729303307054465,67.83111942734185,60.302514999125684,85.89898856618412,95.92122195799948,69.73929186305197,97.08138179185227,62.41069561158243,97.37744107222056,74.06490748958538,64.05683313796867,79.43487036745303,70.27106270882032,71.39491607847691,72.29159859705146,92.12103591330654,81.56645106701018,72.45230796624014,84.41335133243673,88.64602696892774,70.90496002934135,76.54196406101406,64.87544373347791,67.24597398138721,87.24471415859931,67.25753390782508,81.0065353466824,88.3618504688973,64.27507692378975,82.69248878515614,70.26251134805455,98.5170750095032,79.34182586879699,92.23970199100633,82.00906168625048,61.736501314192765,85.32605502376089,164.48851490160177,81.32305830593579,96.91895197692693
98.05613368826627,84.06447280585326,92.7675543770716,95.36825853393631,69.1231908779573,68.48179359632907,84.43923955403967,76.44113879226819,93.59445211466881,96.00092493592044,74.13685517210872,69.47482235897928,91.22102060975448,70.99224142192544,92.90457274054714,76.94953014595052,86.70199597165882,63.82141255338673,84.95437298706292,78.07070714948917,83.46433852701897,66.72056830979454,89.47494979776728,94.51188310172914,68.66959200363102,63.82858222080647,60.94554344185346,85.67886001773064,84.28376144355123,81.86789650856281,69.27788384463902,75.63623983622058,83.77905340744692,79.87067435436677,99.51142080859549,65.45759010226932,87.80578216190375,76.17275072417169,77.1279845970246,88.70391062632706,87.69744605297478,99.65023974808753,65.135771578165,64.16438597536666,88.97355268514964,83.13547668025636,70.96642666239224,63.176774759559464,63.42632998385722,95.76763498656473,67.67469298874971,72.93486248462082,69.06625608907952,74.1998522332775,62.77695370984374,80.76239163633082,62.7045025436886,92.01426031289446,69.34848327641733,81.60047658418043,95.20316350245832,86.03509476188776,81.31831146205342,72.97335012461502,73.32007652232792,86.77947820792761,99.7655744488467,86.47356759397515,82.311336694801,89.22602040956984,78.60822449134872,62.40569370403141,82.4918726351164,98.3050113802152,67.01211769430638,87.60019563282663,68.03734754636226,81.43310737892325,63.86705798586878,78.0148374503274,90.24653315580984,73.90286096955928,86.59646897948872,91.81799843158916,97.08711277917811,69.38568327421814,75.97263663237233,66.0966405332167,99.69934008633501,97.08003871697181,81.59828521122239,93.68133177505685,80.83831909088168,84.94342752011039,63.56497728464066,90.21081681987232,65.1085393454094,93.04270521010113,91.28112350681543,88.34978790971905,471.87906093702924,81.33529710760895,96.519612595026
61.44641522099049,72.12513423781314,70.52450279643372,74.40545629886077,63.505709870553545,97.47831292124252,82.15208962849505,72.22097242632094,75.87926068297133,77.88810162019342,84.02377333442469,80.62717710785991,96.7756789285767,79.8785393162332,99.6863205929325,94.05699830980383,68.34042057429343,97.22380858575664,64.65465591541904,92.69798833964767,75.22493173906321,95.11897281780278,94.72226760429801,92.23701600470486,91.60121745228246,72.18716556392164,63.23677132205009,76.11920715060646,66.94098059946035,87.79804355609846,73.84398906151142,99.0244080343966,85.63888309381328,92.89922254537444,65.30098690967394,94.4805792909049,96.91028762053577,79.48247675275744,84.2501175100391,90.59239203611982,66.9935450904165,80.1026430585377,75.94652111089252,65.85495968648996,74.70137689166125,62.726892375419744,61.03247627797948,65.4066515661929,98.52460446356696,81.98118143580068,98.6328864461288,77.29991513320527,72.47264532341038,80.24567451360977,77.58046754531641,64.22658737046976,85.63305258760825,68.64152730038398,84.78351819591319,86.00804369592613,66.08099412514592,62.453985084426726,91.2304634427376,78.39201695077281,62.32655182021903,99.79465268679068,62.31122243985467,87.80140915434212,99.34715701053653,69.56720416863702,65.68997474748785,64.85539757689716,72.13100590270382,64.04183244042586,87.68645366776528,62.49167192520251,80.37688512599159,99.86787415411908,92.55881078024075,84.60877752924043,72.25014483146447,84.95583345166554,81.08165855646607,77.04333535561486,65.22841506960798,95.46416860961867,77.99138595285291,67.7849004728306,74.71037403509159,76.56519010115709,93.10151582267497,89.34457522245609,90.77219574565359,60.44125057714589,76.64615992719047,79.25376606541295,60.76769107292227,70.39252834980137,90.4115929248854,65.48438822915996,423.2481518257668,80.35774684074758,92.2426930946056
81.41240525810366,68.6080748806895,60.48483098575573,69.64805830398166,99.03495019640215,92.06148447531959,98.38306577284133,79.5141617570545,64.38944794710014,81.91837955894772,78.17509338239844,93.77428330958463,63.923303231369786,79.52964548087112,66.00194658775936,72.9870370756024,89.49428309551199,79.04072517475066,75.03553140583077,75.7790511428014,78.37787073623946,91.40066175348227,95.68338755760938,98.21338746015712,91.4761354502118,72.61627582992051,87.52538824346169,77.50412496221568,70.18682488184204,93.6348631770369,61.537053958493,96.07047968541694,78.45909858498936,85.48805907233123,86.37415688823131,95.80470962826146,85.46678728668829,84.55734339040248,62.6660816224276,80.73632087780817,66.00676003268167,89.49735074885942,80.48887683250697,87.20911116833413,61.66691602409537,63.39168064183213,88.65293552250729,62.883373439946936,62.85026911061034,60.4843390093955,98.2600559319792,89.50033437836028,74.13005634008256,71.86142325150621,73.98812918983398,90.98614124724728,86.45482444281657,67.40782271469871,66.96437341336338,63.935825988535896,86.41210878805353,90.57490648886943,70.60185713300017,60.837798441236515,63.28686669905709,98.71440139380121,71.81779109909681,90.76892591352535,84.98654275417056,75.27758558611583,68.22749048782221,64.85545672637626,84.60051872155466,90.98535122551152,85.75617014164523,81.21208532996633,61.67804893726545,98.73955110377536,91.94856766618298,71.71288146803859,99.19881317435403,84.07526358545289,83.29690632828985,89.9229271771813,92.4707915236055,86.2591442932601,65.123829854648,73.53070023977993,97.12334561304199,68.98462447375408,74.88668095350053,77.28307531776784,77.57619958777809,84.51758329978102,97.72303350978831,69.6277084733002,64.86005505203673,67.8988195943975,95.47699600837078,85.83243250620825,353.36150260416935,75.90289770054409,97.12179221347536
71.4362715695664,92.63787755874469,94.45479985453744,93.86057354761112,96.75706134558217,70.08964080693447,90.20167714985114,78.4215798909656,93.67994211560246,89.13962708646453,91.05789785998898,86.24647350724285,67.09715077878828,81.80107675587753,99.38678958098032,97.49552265988476,61.72694943188047,66.59259262917749,65.26915093818248,89.03919639941182,92.71141319427781,68.54045465242687,80.23410771807316,93.628121120448,89.31206179065002,81.68948821967393,83.61390761835091,80.33442187665119,71.90193805275283,82.60087971436064,87.55541208200363,94.9329166344323,85.45165415916992,90.44486148172632,66.40286539818293,78.4622989767916,60.373264793083735,69.86715458086492,89.05846860452019,99.67239805397455,63.967123983488634,76.05977263445153,92.00283874796638,68.16142538515595,82.20339797209145,89.32285184118699,84.63941801040716,67.52098938461664,74.21538274742957,91.35167137941589,82.16906056528066,60.20918454171651,90.43963040112375,61.41245419760956,89.82935130924929,68.0992224066095,98.32293920477521,74.71763005208338,73.07726465352316,65.95552201329778,72.22416861960859,95.06603047312802,99.85337350508989,74.73238122027394,77.94442523818171,88.88283752810949,95.44783121860297,83.72177336747137,75.66102792711317,76.50487363394495,87.82472585987227,60.12873054417115,84.78357349839362,74.2197204176543,91.76789325108336,63.71962559292528,83.52809067793562,79.23891559544495,85.6930210362091,62.594143779318735,83.19935149712525,82.45938351838095,82.42640377664684,84.13950666385819,87.05871748905449,92.1995599872308,70.79282880512858,93.00197640720248,79.93022729053814,63.08233116537325,62.342037169759166,73.36953274784243,91.3958790844587,88.30723738963663,91.54459858689626,80.69076225766437,77.60795991821962,65.89810106825136,73.12771014437246,77.36077464695501,448.58423607508706,83.35302495589238,92.372490874968
63.54401718718469,68.82447810844845,83.92901176254955,89.42652456956759,99.93390045571799,97.32453325374232,85.70260798140765,76.84992213176288,85.4470945883293,91.42606472320928,64.7334476369355,76.39619558785154,93.59209142542468,75.35331807732176,82.87489084908746,83.51077443448793,67.37905012534557,74.48941766609154,73.38045154967729,61.047868341282594,60.96767055565421,93.26788174703094,70.9228323989125,80.72315064955262,71.94902294355091,97.62716980461363,70.37187035463094,77.1862725095574,94.90921001938408,93.67734267167235,67.4440567138511,92.10573239182841,78.3274754695157,79.31875488341421,65.33919889663775,63.22406055028499,89.1175722789506,79.85844609421198,77.47402810460719,89.18032914609587,90.6205159596444,66.35632670677414,84.40900597910564,65.41416329110743,90.05500344116183,86.27820625068559,98.26458484333833,62.75832065425685,62.282188846050175,71.287482987728,70.46822734943623,69.87915196287999,96.25018322084146,69.98184799398024,70.87798904514524,90.37593049671855,77.9895936980216,91.06842227820725,62.61464630257541,79.50284774693537,61.34454400733131,62.50612813821418,96.25749813377644,65.56981484470381,81.29682729100868,76.44382410402827,73.8937330503537,95.9933338274909,60.87293587101958,86.55158744702356,98.53577736854201,82.40672733847367,97.47289848132368,62.09031517144095,76.75173276296645,70.40631163848205,89.23283859922918,99.25188361988987,70.26120249776991,86.16698405896298,67.9239053103896,82.61321018286439,78.55729946753345,98.88021318526148,84.34109090785867,73.98025488347275,64.56383139551734,66.04987314939738,69.0126771980494,70.03866645361192,94.02464231364551,82.448911531301,80.93563645497466,64.59075487476869,94.4055877339774,88.91257212833935,62.706734476000065,88.31340388919074,81.74152869370585,63.26901382987113,421.4688307596458,78.20780064971736,93.25399698159268
78.33202566114626,79.38785148520188,66.63098160653104,97.82792588001129,93.99901485922648,86.76089349316433,78.4918224400243,76.47062166338034,86.03893868603816,81.81727477627622,62.49092423527542,80.50010595081326,92.25614468931357,78.36959510387832,62.07826310217074,91.45112797536132,68.05455128543898,70.34483339552155,66.58825413729184,73.2086025948599,90.2700602275454,80.77543438015749,68.19525096602851,95.11320312608163,95.18327419806117,94.82313700184028,69.55184845526156,78.04957376723952,99.399586245635,90.88049905239961,61.086696849022395,62.60818365041968,78.55725507249332,96.3688082344624,81.54807191810858,79.91250032137161,64.21894799826522,86.27120418897177,92.88412642400903,75.2168003003025,91.0244740370131,98.57906615603247,68.15065836510756,80.93318524778965,71.48551832338302,91.71417676135357,83.1037346352463,85.38329670201215,91.91656638463576,75.83881890649819,96.60360273628173,81.3211546898456,66.31819291341392,87.8359647267521,91.73045401753018,72.67046708270107,94.28717027995012,96.24573019063065,71.07617949511236,99.34085890860888,65.62846112195034,68.0806267360996,67.36899356952105,95.75958840031481,86.17170209299847,66.08417132889092,77.61293673473396,84.61192100279209,63.338563399575335,95.29665473629355,92.14414141766142,80.20827094306553,98.68506461036682,76.71043917100398,99.3644127614599,86.71679995214508,85.38685093015766,66.6381958118314,95.27711033218576,77.09958751682461,66.48933623129918,60.50430079903036,82.3902273455353,81.09598488490705,88.77414489476635,95.61032212071208,63.17626338572118,89.2598596136145,67.49647776390329,94.32708212628656,92.76254055446624,81.63175019942177,88.40971194493247,72.57400452734993,78.84671595731258,92.86547590841886,78.37060788692855,74.31193061301767,79.768497890012,93.12997009748874,174.62802355441434,76.86518510399854,97.46491405118024
73.40832189483491,66.95046372542976,88.48056081323122,93.03912850832327,64.02549914094133,69.59496451023779,65.67887959043975,73.91765646328666,78.01403915621651,89.95305347853225,86.04590339526696,84.83714269913725,74.09499786438617,93.6579021233904,78.85148669592658,99.16419752060618,85.36568553182947,65.05058966258011,87.04710248301737,73.00416061726796,87.4530878674439,62.78564592649623,66.99525748703837,94.22949035623145,69.0871822809406,93.4816450097176,71.17104353817642,85.71527640234831,87.76602294039324,80.50619012580212,72.21242706786926,68.50577505484384,61.327574182497045,72.15785604962895,86.12651162125132,97.53219273793931,94.84817929052208,90.6425910614121,91.53789373013194,86.59939613903981,70.41147430264012,96.28780122823319,86.82929247623336,82.4176252392176,64.43957876853925,77.88222175225701,78.41433084807704,94.5825443809068,81.86592880751154,75.21602195881638,99.07201314042638,64.42882373305262,76.90193713247778,61.68098700685621,89.59616483067721,96.72306208796603,71.20149318201958,94.33366707196484,71.68872921847591,96.4308064657566,90.15847614387135,92.19627107365754,60.72026222401818,98.51241428296103,89.06683968281293,72.19004381544534,93.17578659435388,71.2608479365972,94.91015358264511,64.50321561647748,88.14743909843183,81.62793906579641,63.86137880781763,69.67575313035356,60.49616145109259,78.75071861858024,72.05061043040001,83.93429937191036,71.88951230834469,71.9967644602794,89.72772794926414,61.925713439134135,96.11579980767948,94.09055497564725,86.71218732905626,83.72886280429537,95.69209992558609,67.41320718114858,63.158766487633144,69.58040679638152,91.78313114800761,61.38681066905933,83.31227340333959,99.8175006476524,94.22784375350157,80.85782756174358,62.54563637146569,93.25494057542839,83.95914032708842,64.59731988238268,457.0235993959911,75.40775141554764,96.49632899047215
63.75429139293425,96.3850727774637,86.76801051752314,93.17147197267022,95.15915601129069,82.87089408193289,80.69785407020166,77.21709641283961,72.67786351164477,77.38383843434846,90.95518622920625,84.07693724060526,95.70093159819385,77.73520057516751,84.28358314875015,85.25230212367956,83.66788649225302,88.10535092342064,69.49733873499225,80.49455110183163,64.16899211233391,75.3804531057925,79.50668274485058,86.0889703818189,98.02124210344815,84.02604266193424,89.74375664706238,80.25064237980811,85.36416125505326,62.83728864535094,70.17566323367387,74.47412372820554,78.89973420026054,61.825949820095346,65.6009639021327,71.07257231165224,98.86130763604203,73.25388028412203,79.2816423244833,67.84390850953572,84.43120284303073,71.22732862063897,68.27970313753707,80.66290513783916,60.22023196641683,60.30656130596901,68.76275236407432,61.46885450003285,64.32103016522765,73.55442597355007,92.10342718319251,82.88194573477203,80.50670903825666,71.73955292832487,97.27014877731266,75.88060164948766,63.48371067183086,84.68266064471206,64.55353573906406,73.80892571206769,80.29647754871235,94.96890098740704,79.74186321360474,88.09035064126657,99.71267355996281,65.25956479591926,70.98926102078079,75.78304302390586,76.87312714155325,76.44084301062183,96.30444010226219,88.56130577867425,84.31620856362815,72.37490871451128,92.95161536885179,98.20242045939955,92.84793130200906,60.062604207658914,85.45605480733627,62.04541525768403,70.30428881334888,62.380988013910866,84.15181811797551,87.46359653970427,64.57950552263621,75.35355532179918,78.24946035822168,74.76212087043666,64.84100001940772,76.75791160749901,90.04712191233672,62.84030658133022,63.20720056327614,74.19085167343937,97.669028464757,86.74290586891657,87.1467982669026,74.4767996335146,83.74643164834154,60.40524736110974,315.7368967662603,80.90892943188241,98.49223410494179
85.44384185638168,96.53147790304948,84.50293873379277,94.9479437386538,88.95892221864375,64.82233665614761,96.09813229143367,62.657753774231,81.35869890191054,65.6854849517383,60.468264429236164,76.88137040510556,71.80162830616625,79.44001975190412,83.08799546938204,61.74956289235789,64.92013180494982,82.34569585801701,73.72669412690632,89.16693950197792,86.09166594367758,93.82417451959627,87.69971306676901,77.19724309560593,86.9186648957773,71.01524697021674,72.25253995112851,91.55940639683173,77.85678065606328,91.9352136207341,92.89689494673114,94.30249350645136,96.66540943364829,77.23940882053185,72.75467273284555,83.28794986376455,74.84689693750511,84.04296667200931,88.22343450575298,87.53620073968548,74.98211548080485,66.67440806795011,77.2211735384883,65.70376576327635,95.60388140735233,73.83509842951429,66.17838988893295,61.017910396230036,85.83289545145936,85.47609269818973,73.62416666325167,62.86847555390604,76.38515579580928,72.44869980253574,87.08482558940037,84.23116997810762,74.5837491279016,68.7157021701996,99.52143864622367,78.1600648478446,87.53096943120948,65.62211870313443,79.4235879863759,61.10146879477862,80.218204716418,98.56069628470809,75.36826851943201,61.559840502996465,61.23823163677374,75.51947039787478,66.40099745852777,60.93408385312743,90.24854455800707,78.34092035527563,71.56979087890618,96.00332732065922,64.64555840802103,98.23675315821276,72.55866869509411,95.53614689234725,84.11771505917847,93.0682943896595,99.36052652841857,71.53621751274983,98.44541941630372,75.57927579609681,75.42047618947689,73.61548417018022,81.6563042939034,66.16580172713948,82.14845941432046,81.66819249640017,90.4760725041948,93.34599847750343,77.61765401249696,72.09332997405974,70.37339589268377,67.78495346819487,62.305903287960994,73.69791915338854,422.976062065625,81.77564361842282,96.57612892300344
70.80990768523134,98.65669543465629,82.30835305000176,73.8910815612203,83.21870403974785,65.56786805382782,77.76174996808811,85.04937285684255,79.55591327169806,76.07115202617297,99.75393555598794,95.21259048595708,84.9362383263776,82.77509444729131,84.82641919298337,68.05248431289733,75.80550973057274,61.57838131563597,79.02184149947307,81.72098335830653,69.10998944412839,98.56115388662056,96.37818443748968,88.88572941823624,81.33546515061451,94.7987663859074,65.22609375293851,91.6203917709954,64.99283255867394,91.76842650197622,71.03070273005427,95.08362324072755,97.76168375301592,65.95183877620462,78.50702420261574,99.2394951265074,79.33629743892587,94.54190090058181,83.54926088525279,75.01319631678408,71.43134222103481,68.12892364344349,90.47192765510789,75.46162027292111,80.45101848803004,79.69301920004727,83.09116116932525,94.6230858249821,99.22957374333717,76.30336834295268,93.10075688425212,90.5811117861887,82.94115805822292,98.24188574447732,68.01898062113611,64.37056841238486,94.15847867821688,77.56599266534994,93.87875416828243,95.7236082078166,62.49830374476286,95.33859051944242,77.93276221477689,80.41729956016928,85.06370044372841,97.05530426920348,60.764643777190564,79.07373873271268,87.50888169722242,88.90827830792914,87.70129726148431,65.37740517632487,71.97582353486725,74.34862101668054,92.1774883071802,71.15039489658213,68.42819855468812,98.29792076152384,60.354531404538754,99.91283422727912,87.07285195429583,93.13877197796468,71.78477585384772,60.5726111066824,89.5147807424612,93.36578388002704,89.61904527814076,65.71401149203355,90.13711689027876,90.75691128430563,86.3416206268022,90.64463731182344,93.83685758710928,84.54416456949834,63.54418855878716,79.50511238668844,63.1059733868642,76.30172124129723,76.28425956502511,62.640393765609666,458.4365199693973,75.16587828927857,95.68308603335471
73.95282135877918,64.43992395165259,92.32940840036889,97.90752103857884,62.892659010317544,98.20460829166805,80.90306397346981,71.98262711815495,63.07448301104654,80.0249707228167,91.78062177962994,88.28345909066792,62.00904045855895,62.91607341471614,76.11493130530548,71.81161976191773,69.29537292224191,71.24017995634854,92.13930973187539,97.16912214527416,76.20410778110266,96.24444008529989,72.85982804991528,79.05747945375167,69.04115991263998,85.61904168703376,99.15924460699236,84.13972384173515,74.31256336454196,85.91269783962113,64.9168271386155,95.54636321061594,80.12335803119345,77.97398968158568,83.43459153814077,84.9913545115761,62.87103224906052,87.3046888489361,69.67726721262119,88.55810530026359,92.90139177536787,92.15834030210081,82.10003869631556,80.80679569243004,65.71503845357647,91.01384601612543,70.85637521786857,79.86781691271787,71.37096371710066,65.35313451998772,85.18230787566947,62.17328139291615,89.945809365048,72.70347181044467,60.005387720179414,80.44516556948919,61.87407634110413,71.04678231283597,88.27905949822865,62.50758486487464,93.5735396942401,60.152796906343326,69.87295476807608,89.63616224608286,72.65080598917227,64.07569552264054,74.40935675201712,70.81573145538103,93.7084760864222,72.53391670340572,91.55729887104029,95.6748857924294,77.35269678306118,96.39772575417568,75.09272215852772,98.56313665960433,63.57158098102292,87.4807706601297,79.75256161827716,75.50595221822589,85.30847514994403,88.15428366537324,60.17453078601236,66.67812354988794,88.52184202537275,86.65541654312825,98.6419002051471,90.44151161003131,98.03090830925352,88.10162006139228,71.92208834557772,64.21459689003426,91.27295453379742,85.76596885903663,61.92744049573185,74.40201863603913,98.27199261937145,80.01604582840805,77.30916544078818,78.30798420637176,227.20138998874555,80.12093058299281,90.93674767828092
68.35530896020654,74.74828683459181,74.79253023948706,62.09420080749889,90.70270514071673,76.66017727615517,92.88719547265694,94.01392004479581,68.47976218794632,86.29413928680515,78.89127216651927,95.20626951685941,68.62962716705816,87.11252801240177,84.3100848901089,71.8120591028733,65.46403614604691,86.06559041909107,89.54389832529323,72.625093750534,85.79330416089255,75.80523630446012,88.52827533130471,67.96861099576212,95.60860010544698,71.49638385862319,74.71143951024612,62.32367808321399,64.46048849285106,80.63447610849312,70.70370706911886,93.41920902968778,60.587735546198154,75.16376194687744,73.49382187076371,60.77310523670404,64.97473596002041,76.54570699674541,79.71458337789787,76.17158989019477,81.23750713648376,83.80526699622726,60.396952845113425,78.56380637814016,98.53996963550352,80.76129120518195,87.10169069835813,72.47455431667532,90.9596551261105,90.9168592750446,80.85184190616556,99.04055293116855,65.02200859050613,60.67790659558324,90.80632847028383,92.28622149459531,64.80828916482305,70.62331331834424,60.70209453466516,71.73234443122259,90.92567495674686,80.71842110850315,73.92382372673153,74.86957179625321,60.05414502861873,71.99202110260944,85.85834966551722,98.96777775265429,93.88243307935598,60.94379858582116,95.94242418699358,91.32793653194504,91.21504494283921,78.31983036014286,75.92021171818011,72.11662915332771,62.62779435817463,69.12941453974797,69.86414539912099,79.36308278840806,89.89777626386775,78.95239313591787,62.313777977886424,98.31159203952816,97.70897276376449,91.40758172593634,99.65311606256881,81.77929331201051,98.51073401012825,63.02420162467003,74.62722993045486,69.01525072027063,67.8333233653708,65.63211795570705,84.89654566263987,91.2528742298922,83.13193597681442,65.87850838352838,92.44495079733883,85.43818828654913,144.0207698110707,77.26495775197938,93.67715803059434
75.52662824507982,86.96521182144252,70.39619916971331,73.80768833976842,96.69943372527962,71.62018022685682,78.79953072631747,95.60564549584058,88.3088540107011,62.488129046588114,65.89212177115881,60.313663630876675,85.23687160916654,77.90693701641673,65.37099403609102,98.31736484227082,81.18638895782479,69.67573176451558,80.0241428461883,87.18481330940432,63.04956871894258,70.98815260191569,92.27861963535975,78.38659481610645,81.86308568129179,77.31264008837877,61.755997705720205,66.62999119280624,77.82166554967563,68.36741861631711,61.99916114638715,93.74598656207294,99.24770116656464,91.72571495986958,94.15139686818668,69.67908521268181,98.42507902052799,67.87702817813714,98.05719241447329,99.79277175863804,88.46891222984195,99.24574927167288,82.78159118268414,70.38167132704362,77.47983542662483,83.74243741515144,62.9232624810806,84.89373058468985,99.24711347049178,67.60430599134911,91.70380465153534,96.31595175118477,97.74806371280883,98.40542417621789,80.85838554885888,99.09231631966014,90.29240828537755,66.46685744947848,79.0760042587188,88.73324701488016,69.89361263276334,85.6246073419555,86.66401916186477,66.50798975234264,82.60341249811026,90.8650764391443,79.95582658143768,60.4841246710443,60.36153876317169,74.28117375880049,97.04776273727128,69.14707118414435,85.37454755486749,68.88303482773283,72.86679958638194,93.92168358405937,89.15445769079787,63.81597109252843,77.14808083945735,61.16679054581058,79.23560586412036,86.49736046804273,64.74010494392606,71.55539755636663,75.91346502008628,96.78124098624198,99.73020061691855,61.79645195982464,90.44031693981569,74.86896265609373,75.6983274491792,90.17059893388091,96.73705728581635,98.03714378010193,83.08490344153283,74.28484637202011,91.50196343435117,70.04005533049201,82.56296115334071,74.34313846099492,191.17406501677667,81.4517279040945,92.65202367681725
86.26524294831505,69.61595651574028,67.66371782939304,96.72956346701748,64.07214731798148,80.23831630939726,68.83411131852036,61.5571985330267,61.44075273165706,67.00887088423309,94.67081418024,71.29914975908106,98.01836682301183,83.26489171956774,77.46456759075065,83.20355338677818,80.66793540905071,90.351050150293,71.29984263891409,74.1220156640121,95.76377210133003,97.85826052601621,95.70232909945898,76.77791975829254,91.21462012027527,79.05342933204395,79.9015940858441,68.18720436229135,83.64521213034067,67.44543591013392,73.26258796268775,94.20120806479741,68.2830323684342,62.84633140693731,62.76030370451265,97.63138082012432,80.2768175184734,76.37648287268073,92.43514324031673,93.43303711642065,73.28764132462419,87.74472229895181,90.84491263407546,86.18602747463818,66.06380299200397,95.03532334068228,81.56378210944035,71.29889705480015,77.00912741750776,61.502843615956294,65.11467204889671,90.62187002063443,60.00046539021464,76.66263313929169,80.90040724342353,62.185376800038895,98.92312651889331,69.04501324998688,72.16794878545123,72.1577004902011,69.216666484694,60.058952883452456,89.17379176351986,98.67381999197141,68.9717393314018,86.5218876721369,89.67585307834861,93.937015163621,76.90516788054437,72.11723622561718,73.01180536092124,88.50485332394051,92.67117866022545,67.26455871026411,74.8376403263106,96.077607869966,92.26774078778956,99.39433611049904,90.16993038728323,75.72780804111689,83.62551335978551,86.44057016989281,63.138232652684955,81.7798783641546,88.37283313890438,66.69285216004242,91.22526869702229,83.35091122056447,98.08887142790378,61.69689192827567,70.61304550221868,84.06215517199297,71.86239648823722,88.57696656284969,90.36021130087724,64.10063856265897,80.55417856827071,80.35562222364223,74.77123080862164,97.31699450278688,270.8431154505025,76.74366429004992,92.43989643379084
93.10025279492885,87.88837527638547,88.5730654293999,78.46864575252476,96.83978084386302,87.78381709013141,89.15924246623266,94.4676361514938,70.96286357368764,92.28283615466812,67.80962411825968,73.81367808979552,73.4244181707937,99.14101873556562,94.26148894991707,88.04679446361038,89.0822704646156,82.48291177610284,97.88362668434075,79.85035011529446,75.22070839479578,66.52141347726364,91.44822609044232,89.37775728302366,75.3742015409654,61.007736558369174,93.55989310872043,60.45671933816295,88.14799118516204,98.81028438904228,77.50645312592815,69.39893619983812,88.19484040173526,92.6851256806234,81.8572126431139,98.68141101024585,62.06674886631844,80.19182393218112,88.738157892902,94.50561884596715,67.1702244763116,92.00013927054727,82.10828302874181,75.86214727959853,65.26860114316375,94.6118303563565,66.29092832718861,72.39151436836397,71.60182127849748,94.85656136763417,86.90811976835592,91.86725588765489,70.01871595169996,84.99496398427996,82.86983932574995,93.31321507153083,96.24348241925043,60.48627085909547,86.9607967623517,62.07343196478916,81.95434660309424,71.50530916174714,72.27106398088564,74.11834013809427,84.8516979619844,73.36199862675076,89.30796202361122,76.18109542295478,62.734128012398344,91.35039369936429,71.43033298370824,77.3106751839705,87.41775532887607,73.29824628594848,62.26342624586862,74.95684188051254,97.77794330777213,85.66937589194232,86.85916594668828,85.2912861455056,67.95968555837747,76.7333545640912,90.03759193453273,64.05491590212637,71.1141110435885,71.05276433863415,77.28075710378025,99.2147496376874,62.70010186735288,80.7480397752238,67.17458728048842,98.82706181638977,64.53214018909857,76.14404009446365,89.51539939338424,88.18217712109781,76.9091454757573,73.86096671810873,75.90449514211483,70.57105052634557,427.20590636899726,81.90937738102465,99.73010554752446
68.21331754827199,79.3215879023556,70.7413502427043,71.49846659589001,86.27024253898227,98.74149326799568,84.145488022375,63.07917868259865,63.023344554162676,98.05692883382264,71.89163161229334,63.682679443299016,83.96178348601526,84.94595113161064,85.94019280474753,70.69608111430165,60.604427368579,98.60061477817888,70.0357218276441,87.0410515221019,88.26519479514837,84.40029668317942,72.51629576854593,70.84385015056263,83.90673130810812,94.64382534446766,97.86934915693583,64.23623217615031,66.1931445039088,97.78945035132318,89.4614091333917,95.31975299319092,68.10530536541373,83.50343484437607,88.04558377669895,87.20447541787891,76.32606763466792,60.615795667652336,83.31704227217053,70.12406156718436,78.01016984571561,98.30324060335269,75.96141270569738,93.59206426657707,67.54162422997004,86.89841992100115,99.08027817755774,64.07572403491747,60.332797689087684,77.34331170530457,63.70501932205469,89.93537398704925,96.58194655394236,77.36083890835036,70.34846568621764,77.3761327602644,88.93791271400005,60.36216646321484,83.57815957938789,84.53166739549516,85.50752987583742,69.68088319923508,88.56210893512507,63.655659453271056,67.97081345867203,95.09880186617929,89.54892602906266,60.54982216045381,69.93505041479202,68.57625931972657,70.8322531214789,69.90239081119546,62.50105182971383,78.35762066387281,89.30933899144661,84.26926898869746,86.9148667439232,63.24596714144957,98.05962840707149,93.53967335372099,92.20361273982651,92.9193522016707,97.30842032531045,81.7701586445479,68.01128071470504,84.67134431410165,89.71525974671756,89.51669573416102,80.85796096667521,62.73834877334312,74.84451753720512,96.83066433853429,83.37795639029704,81.53327773022853,70.75414057528774,74.73795679666316,95.81384356612676,86.65852190107343,91.49548107009332,78.17381692270621,444.2922333025374,78.86735346300537,93.93097724666761
85.20988877824632,69.9353443497283,88.21843321133946,77.10405334813349,77.70182059258983,85.97289298307527,97.45122485875706,62.56025386434484,92.9897294938803,71.69532441648772,77.75677818025511,60.87653315100036,72.04184311337252,80.10524970520521,62.24704309389756,79.6438291753266,97.08442515433708,64.21572872431221,90.57762912302017,76.3868421350397,86.20694858097352,70.40946391940918,66.37969050165434,66.41850457084905,62.81967782572578,67.42586819604972,86.56877539955873,95.26762447374031,92.56502742364647,87.40537239497937,64.41727453644411,71.567497851838,72.39227501289876,69.99827785590485,80.60022638838893,81.4221525951869,74.27543900684441,74.15156634945744,93.14222391624325,91.57171393278742,72.31183326722983,96.55153775493037,98.11260068010024,73.06970168120164,74.1769979517222,80.22536613687835,97.64483250134694,95.05277732569246,64.1027185033436,75.70922973085665,82.13484758999087,80.1252989020616,67.75452271747571,94.35267084672618,87.07763131987349,93.51633499407214,94.35057117397889,89.93423414662959,77.56842404998869,84.42187020061698,66.41461624478973,86.94581669899631,67.17013022957123,87.75798362040626,69.18392643015875,64.7020520060088,66.6113796057183,60.07968540876281,88.7495847141412,89.29604196233517,80.59733399653038,66.45451204221534,63.34217350042759,60.76515865749148,66.62992707860883,95.63422139932587,69.66147366806727,74.17085308868863,64.21381937925332,68.89445218992681,80.7689828312082,84.3101073238261,69.81409256664844,62.30928636900469,75.64131476509594,69.36813483705336,68.78215692919207,98.39451210853821,84.65201943702897,82.27513772688383,76.63100414093287,77.15777333720577,81.63620015352323,87.8571922814443,88.08584384727318,66.86775630821798,80.00451008306507,76.47832380136407,94.82107865077538,85.25675684873505,102.78085221247628,84.36729988736735,98.92046555177113
81.30016265663927,64.61578568715669,84.22551557293646,64.68815622720933,73.48826302263008,65.71367859257327,87.68294588097476,68.2500845534461,75.67437492752104,95.82699110475114,68.17265533595881,80.31220255835116,76.77086644664088,60.72496164182919,91.7103245429125,62.76183625258399,78.97020083907815,82.42713179755799,85.13705826458349,87.54526517231503,70.13089534090861,60.39915106633798,88.93774649419647,81.42626397390315,93.44470812828996,92.85553451602777,93.73304671151533,79.4037863991816,73.34513583347463,91.6623281036548,78.0517645211702,67.33768785613738,94.19896078245898,95.3023950708939,78.6523902456068,63.0279890923915,75.51304359667725,92.14150637850413,96.07096114184915,68.13890969990383,62.67894448101086,95.09401812531354,75.57619755915502,81.67043857070253,98.72263248203035,62.66258911656892,85.93272029808382,62.964216902994686,75.01875713866002,92.15258180773787,77.33888931022537,99.88729415611802,82.36237139786408,72.84648610543815,68.80445303619013,74.02082137144647,74.90133095038203,62.74854710895844,74.78296797707092,78.569540789569,88.90951008955219,86.26917938886432,88.35062620916617,60.334547275074286,68.70669598322144,86.46737153599426,79.35957472718988,60.212539026733836,92.17978569727289,90.9123829316135,81.9367665197425,62.65853303105089,90.66060198130339,83.34854350925455,91.27839908631836,90.06987969583362,92.12008287831348,80.72032265618499,65.6129807277406,86.84629893518755,84.81895140207882,89.69012748796348,66.79524024202941,67.79900799601157,95.61638068877315,89.99911193808283,96.32913954801292,90.34861284655683,83.88621223961208,86.16530948111495,95.5651169576004,83.15227018047761,85.2956529731355,66.25906864014402,78.95684880464411,88.65588447832396,70.83770793265461,68.0901672209814,72.55307232897663,69.66002511971334,304.2989210310263,76.37520944145993,96.31138625997264
68.59650548145584,76.99403371472349,96.31354055534136,80.28238586954873,67.51681523261293,63.078866775234964,87.84624580551701,75.31195057745552,92.87323786341437,86.3804307456308,91.84965802165473,70.87784157673795,87.69435689844232,70.56247938774875,97.56273917801167,85.45497126133498,72.98047200701369,70.78047449169091,67.63706340286573,87.78563835574911,68.74862451991709,83.81213063709956,70.5854010770143,86.47875779175475,92.59758914162157,91.12100972578612,90.43405323723127,67.50889622769009,63.535397879380746,87.95795313949543,74.73388855177406,77.2938490561339,61.24596371173564,70.38305797100196,61.34705615497856,95.16743090404991,69.73586732874122,82.29348678292033,61.55917282644522,86.67389565222632,72.92109383016376,95.91676747830664,95.52472755736143,73.0116247344699,96.03843582761871,99.84630693995115,93.01662656495793,93.79485391020916,69.9603494443636,83.06809595431025,62.690236558694714,63.79671747286679,99.95570448133162,73.06556997703643,89.92735648195385,92.26660212107265,94.32093084028917,99.90513189608626,69.65985941027472,61.61403307438799,76.44766071978344,65.20322679315788,60.8970355664822,74.41707308565944,91.34953004300945,82.64722764900284,72.51111956841416,86.17368021970879,69.28072721235243,60.5752578428834,90.57413545745709,84.94972339456037,90.49210498003839,61.55752066750662,93.48478511322608,84.78104800145213,82.5358140285056,84.98456192458127,94.57732987473457,83.47746026235629,83.23801519552717,99.62716628263064,90.26920668274272,77.69175221804541,88.2958800013171,75.56921886767154,69.15501849933996,83.87407507551038,97.12728392455806,97.1655808006185,73.6762111242196,81.1070986488678,68.46543594279444,99.82524437995534,99.24471631471744,85.98035718829789,92.17656238709893,88.604006451348,83.72632876157873,62.133919879555904,266.9644012595116,78.41066351050259,97.94811303541648
78.19057370210643,86.99145208669643,87.10126455534738,74.92490473689534,97.66767946632123,66.69428128947123,80.01437784862242,87.6353590620329,87.88543223567237,85.94555827075263,71.0115285380744,66.24826274746488,85.43761307306843,83.97208464557751,67.17424041156964,88.20556582282254,78.20687966934625,86.71042366412613,93.49468319080603,66.78913714307693,60.76579471987347,91.16410345583148,84.38789700610464,87.98558278488487,93.5261989995457,92.11243739298001,98.43680587715298,81.43740315408473,79.53982530639621,76.0754879956292,66.14764171376818,82.90428931528089,71.08050097303915,96.85230048851902,83.3276321710839,83.7136072203244,74.1969864350804,62.0795740791083,61.269750614919545,76.9334057661279,63.382615123889515,84.27387822160557,95.2389202255863,95.31659266074888,86.36181640528929,68.44927325891724,94.51987325435488,95.44373741252832,67.86614339811835,89.49704343082709,71.46078195708492,92.1056124941172,99.8895159961441,61.201040213175716,95.89463463163727,84.90522134394632,98.93530476659285,78.6003807010571,93.89551722285495,62.49576274393109,73.41116200313184,62.680661510048395,99.01372533916282,92.67895629087347,94.10189684983882,97.51860925735576,63.40413944479141,75.42390370053333,62.84139556176009,68.43172406200114,69.1746310815069,78.76428844190315,70.74248669814571,64.03912427271044,66.69964356376431,65.89102254208363,98.92307191649193,90.37170027673895,98.71045861078248,77.58961946031634,71.13473926650626,91.93172788836748,73.05015672164588,71.97533494821393,69.30023968831324,65.18715912896941,70.25852244067065,74.21278993895551,86.95976832582922,62.50259368877806,68.42027758661372,92.36094561166706,65.87687694335084,73.70580586090087,94.5863568743256,66.19701244573771,63.3094734247276,79.38151980320043,72.09678045114146,82.53633457935416,188.8431241882921,76.13473521240589,95.02637093105191
92.15219561933901,65.48593952610973,83.2279633821714,80.22035041559455,65.76315144052798,84.9599394211593,70.94561671443087,79.51337274176049,63.29089297108248,78.38336228854493,72.25853872171281,92.89524844741418,62.27914907989473,76.7442909967332,78.33725696525752,89.00024305196474,82.97150300360843,86.68849348776725,91.08197142607025,94.48811894632755,72.55501986889882,81.52090821455612,93.604323137568,99.57804523860226,95.58077244175053,74.85869050497507,67.80666068874602,79.57570149626355,89.66565807344169,79.7027628301319,79.32723453254674,93.52921684327202,74.45615116268746,94.39178699246582,76.27219203806894,73.12932422713358,78.15959644798795,90.49787834699474,65.04008111455977,67.8567686348807,98.05779302652368,67.0196650952543,82.70909271724219,83.1725786664775,79.58497848200979,85.78980994307274,69.19306903190474,82.10649071106992,74.88693020987589,86.46669038516757,65.64894173492598,82.83509667357905,67.41081421533295,71.14572252460145,68.74839201294333,67.31351119475268,93.02843806242669,71.42830270643562,97.08495127457797,98.79706101380764,82.8504187974839,65.72004490662906,74.98192973518326,91.90929053392856,74.69562914788281,63.48068873211155,82.27139643712752,93.8048340598414,91.8370554857401,67.00492560521413,86.91058457649866,68.82017053742588,68.7283013820869,94.96287093220741,69.98675810960921,70.52989386072045,60.02613563045198,94.8267613650207,91.7037925283654,85.09315740362712,90.0106305575537,66.08194269697967,78.33294378350303,74.04877549395124,63.75106105028066,79.44521940859696,96.82958601370541,61.602364762027776,71.65843653975176,68.30163744822813,69.52586614662785,96.33738207517501,78.7227621693716,78.65197651759274,90.42302569821129,66.17968816019703,79.49061416400204,77.19940856484239,83.87642762186624,99.98230813001754,147.94614693347313,84.24693618278563,95.76903884626358
90.77795576328188,75.91462812069709,93.10212209096187,66.82833453249921,61.21854745235841,68.17793489857092,73.61646224457039,80.42323029838239,84.60516562164798,96.42422868857687,80.3941603820183,80.05102578502917,62.009720392919284,61.396462106248954,82.04639847665489,77.52714452993378,93.56721579921194,66.42718338847381,60.99886648468198,77.96155071720503,69.4991422700903,61.984574933553496,88.98393147390516,64.4637199982899,84.33278000031086,71.24199000667556,66.93984201420088,75.1900609167727,92.05783104891815,75.6837430761829,90.03078596844223,65.01945187196603,90.91085678660316,69.47733299626594,87.0957251955549,82.63126219363986,97.1657886884675,75.49290071901257,62.64660755337762,60.76621942205011,93.07434243891012,80.98942550645728,91.00976207339798,69.37702400046058,73.80334982052935,61.204154888452756,98.45969298296448,86.71471626803253,97.32820351037225,70.6198562971629,84.45854444902643,87.1399987317055,72.70198801030354,93.92436940062521,97.88645851600991,95.39420470784017,89.5626790375749,71.09858718899817,71.26464168422527,98.53441281784151,60.41137983742768,88.64199892968578,88.24984650221049,84.9075816379919,99.60435384347463,72.47517743054901,73.59887455172992,63.15757611786222,77.7119254617495,70.44194104939392,73.73546808710577,93.38287161022511,97.41938054109983,67.42932288020742,74.90035726213864,97.14522248461577,62.47233842756891,63.69442112445514,66.51163956824918,83.80851336507499,66.0188908402399,98.72305525802935,77.86858109034081,80.06071841400666,69.86634463221625,78.83841009738934,86.47654530548046,90.0470854781617,90.15472330839651,83.11564450776353,96.17439099975428,92.69631389224438,90.28192458794501,62.22422086721843,60.27511848878597,68.49789108781891,86.5409437565381,76.44789955530183,76.09625037197247,95.38347552918455,235.0460685614512,83.77339353380981,94.92517693818864
95.82251392527354,96.36701056214343,72.55512306060109,87.64223250957048,70.86532725097479,67.624393322978,67.38529829389476,73.68430483454377,77.19830479119287,93.23796684220274,64.79564373890848,89.39703389579577,81.25819656757221,71.51781370703969,79.71278338131299,71.9976827910809,83.84327820953224,77.35375691420977,66.57622116315515,64.66332298222787,81.8678272828852,96.09652133144414,73.75830746230741,89.32000428890493,86.34645419759067,97.26219657237924,92.83924069196564,82.66421035621852,86.28121992936428,95.9354586633614,75.9807513834774,73.0717882343111,60.432443345407854,93.06204296765857,92.03922801613459,64.17818072400605,83.07429524530801,78.55926792667549,64.74836382036446,99.22272908242894,68.58783549853422,62.689367203622446,83.79389518007639,89.55466708532131,61.29773784188748,86.34870554908089,81.29167503805817,64.13060035500193,66.90095507785448,82.71897189264322,71.85430454053153,97.53262914605264,92.74960917936204,99.34268826054652,70.38683355801656,98.78894531191908,77.24935479166231,73.90075181255018,62.01398107877413,62.110610314384104,87.68045023786618,78.31715977736111,69.06086504144423,84.55881225300931,70.11432473000445,83.1052701737769,74.36834987930762,92.94208906447275,92.82784643067117,79.09401592489606,74.03276437340062,74.50239186236378,92.22858102672872,73.12717931190448,68.36237494827384,63.38753367501227,78.66772483537633,79.28528395679368,93.63634841611628,68.84954785784257,75.23965094673599,92.33622955574764,92.94494442995894,75.38444303915072,78.36496093146724,72.13143563397132,97.30219513677248,64.7457506296632,97.3499769200588,87.35465807341373,81.26288610746926,61.30636243137984,79.02384767288034,76.3099242001093,66.4487524790049,86.25638414002628,98.84603629473143,82.487552442581,88.59013105775783,62.73801810264067,477.16388156500767,77.57941627715155,91.95242987798045
76.70667983267978,64.65433940657984,84.51183342146041,97.53928632856619,86.47110929886554,63.07212193257686,74.18664819940331,82.02653517763406,76.12831024533008,93.3457604190069,92.58684018839958,84.47324080412886,74.9383178053082,70.21345495052977,64.23497272852518,74.19590733946217,76.52690068830879,87.03291700416294,86.32639297190295,62.804325585650275,75.81037261724632,67.27115468869448,66.27250821267222,93.09208598948985,61.6766086686503,76.76731503608485,66.72814623066073,95.17320862713896,82.28162053100141,69.25522545507393,80.09709148665506,89.25945438812462,98.32472035677735,68.81784016981676,95.44727088517381,97.37216456669961,96.65682178128264,85.41657427447639,85.19282617738831,76.12842532735291,90.09591529215152,81.25176073403728,87.09752284913178,77.13831615395182,89.25985856172557,92.97886070418195,65.85745026411264,93.31718862296913,81.6118612716123,93.78663636360898,77.25206825364059,75.1616194153214,96.6024293006889,70.04677070193605,93.76849301144573,79.36082290037616,80.56381770205039,72.33873125957936,82.92168802476063,73.00844785104846,61.570776569666094,70.87994421377424,60.25516173626363,99.13419148227428,98.6298883927899,75.8062118988922,89.13483417358584,73.832243936417,86.84372628343904,92.21720172183916,97.87024978768963,76.00849103398687,91.33191931824192,70.63713802528476,99.61329215174592,61.03078395057405,84.14115226004483,86.38023926605308,87.52182228296516,64.81550315156356,97.54119133892522,67.2473311620033,84.91013612959364,68.9070431649234,72.28865668085083,81.85834166912497,76.68773674258306,66.40902403906026,66.83745609683393,76.72579152651198,90.29131913102003,95.91858587391154,63.36510649037531,75.72415630237604,64.00982254891507,60.663699225303915,86.46874730575826,84.09797767866351,66.52076455259545,69.35251332372256,229.2811728083021,81.5998404603418,97.22452115261505
60.94831014578074,93.39788822777615,98.98762384194205,65.41838147178763,69.25900855061192,94.73638095787736,97.05855191824739,76.78509531227242,62.02489889076296,61.57567334771278,82.95799464276041,75.71580435572716,61.14609710310618,83.33009569250227,60.4521014635609,91.49487832597092,72.25731290813486,61.61032012036928,83.53408883932613,75.90737657732218,98.95201653428597,81.76794650014808,71.00956724148033,88.377554585359,70.85968010170845,96.1697316563026,74.98887882029506,81.9947425110482,62.02292415296915,77.04484951808922,93.2945415864398,92.22595221453368,68.97274235414105,69.04316284042251,92.69221248852946,97.21593680677302,63.814436850920146,78.00234557704901,73.49817115856916,94.82753821829758,63.34099658720075,68.4450377023215,90.09873350345977,62.05175395924862,79.70141522857156,77.6842813871888,73.37604715954994,75.78289261275695,81.19762347720932,66.45469433553532,82.87983513134371,92.21729317199944,90.40643719160636,66.15599618775094,65.96997878965895,70.72697470979654,74.44298905364148,76.3382232563393,87.18788867333382,62.26721728663342,61.386908169042655,75.67642251775636,87.88654768551922,67.7374137182593,85.66017925025007,70.39312551761198,95.44344435254065,95.82759777066465,71.89148817125306,69.19975015852962,76.45215888264926,69.62126340720594,86.89535373166814,93.04258738193141,86.92368523644868,92.97401788997398,75.87968648829897,66.25267882835443,89.51803789590369,74.41898020566215,86.8508330091653,70.82575767927062,63.24918539226691,99.70327181951053,66.24806031722397,99.53683975853924,99.09119730265789,91.75272415632159,86.3769184832799,83.11228201004339,94.64406181511339,71.57758086477952,78.70724849939508,84.77559877466007,76.44761903477965,77.09945816361072,73.21138670008338,82.56927266738144,94.02298112060464,68.06113512025252,307.51624869734644,83.17222200201216,92.80772362440855
97.37732155013765,87.56350614992918,92.9309285072012,82.24762770520047,91.18066805696253,60.64801589357869,92.7352169911814,61.60555436341466,95.5965350545145,99.67850988954572,71.7626984870711,68.41274225143175,90.61453455432164,70.12105363681013,94.62249532688814,64.11370368629906,65.03820785517433,99.16606220402463,86.95355593080018,93.87548897715811,72.97317509406072,87.05934998082418,83.76967309234388,84.12600480491788,87.30129838150887,83.01436692516394,77.16249477210664,71.03690777522188,90.74325323652808,69.05089720012745,87.69417224617656,69.33331290597306,85.01320679817816,89.88313068516115,68.74855555626156,62.39773203445233,65.23894971976696,84.23987869084101,93.97785624902943,61.79987284941697,89.36605036166586,73.65274583800209,79.1411347967809,97.15438199382262,73.27886018943381,78.61347735757944,60.547296590427244,63.26394880019353,70.34366364539136,61.114089632842976,85.25501304193004,77.0559342720649,81.92580810912088,66.98588743585319,71.83728117746465,86.552978994109,98.612108945216,62.01667094408837,95.61537283421065,83.07524805244833,82.55678267022495,80.01114140831041,62.77576343616734,63.595074069446426,84.03648022636344,73.63834285742233,96.69072266310722,76.2636214943789,65.73125834810564,88.58875334008144,71.7341368576404,81.01881229423573,87.91331142020681,96.01056444808282,91.68764779206704,87.05444271490896,87.18532729580573,97.83698576128346,71.83296389986144,60.044483767847495,70.87818237592795,68.71565518506976,86.47338340455993,85.34846399062116,83.73845530818895,60.64973772837815,89.1511221780259,72.94121649941965,86.60223956026525,82.26313714008613,73.7092370171163,65.38305068416432,63.77675590641924,93.26073332448894,96.73590168326231,85.99152187057199,64.13736459441934,76.08108867552963,89.1575680042063,91.19283536040273,381.2075835580711,80.55200811599462,90.24315966431453
64.72874489164354,60.0012287538153,88.48548183522419,74.26384703944822,70.1792532647304,60.515898791581016,81.61197627045999,94.04602941703928,98.30526585090351,82.62979802453157,80.57845310959577,63.40225541956964,81.954912061704,75.19916315861579,84.28541123534308,75.54905391506188,69.61196493801467,63.79861100913506,72.59673778355582,63.865793371510094,67.07587803295935,99.49344634318183,77.76414227626475,81.27487066020066,94.9447411494886,99.82275601962752,83.30857797378727,92.49895284176687,73.07764097346701,72.22975829789165,76.10814883978242,86.90029050694596,87.28766757020395,72.60957738597803,65.32839696546515,85.29585025862033,65.13303448755057,83.1397003291732,87.73688512225236,88.02445985577806,90.13888442638387,94.91437686262658,79.99835967859154,89.20996758118285,84.76690941463346,67.4655975919073,61.02758579477633,71.38165542707735,77.72134825350477,84.68423777714625,93.99837322012822,67.84982866824663,65.02199159593908,98.5391978989731,64.32178237505629,79.13964280428758,83.42254915173207,81.65497683629752,63.44128628131773,62.281076560144776,64.21933709844143,83.4235073549045,81.77379550537285,69.34963168146977,85.51096567382366,92.80270008222598,61.66315839386375,79.92519774192169,87.5724164841076,70.09247708278748,72.31083621172596,84.54551611957535,95.91741173774948,92.39697681211598,83.32520876398334,89.20886871028998,74.59289880831194,85.63862112395032,78.64726364510227,67.59744545830243,88.06953095509029,82.25858549395288,74.34486327814366,96.45356760314523,60.837364713069334,72.63092604997985,62.27525591110586,90.6610926488651,88.08429816455171,73.25408874945268,87.02651608828292,75.83748904783799,90.25015165689737,78.16734650946825,76.49118911326661,97.38919661953204,70.03516399562801,64.81789359986261,83.38172453037834,98.77287249136715,245.4518409517176,80.29650578356006,96.45472295907167
75.11356854908746,62.48147054515126,73.5722106923827,80.23726617278234,66.47692026528856,86.32408872225969,99.90997556040801,78.06957903925775,74.1891422692085,76.02816667337866,64.60584713580805,95.33094405704895,76.59302622085409,75.49097645699365,86.38761091721898,77.68133683724494,85.92933875231384,62.4578516052315,92.5489337488891,97.62015811517611,85.95061544637544,98.18263715435242,66.05729257479854,79.09664757921415,84.07226935781789,83.26946589684746,76.05847116356173,73.52337637465045,65.07296090201675,75.66969802249113,66.50643260421941,89.37462705968873,68.3532374197836,62.34261221138135,82.09464551268937,83.80918930877607,94.87652245122021,83.07926449670728,73.81923414893782,92.12047526105282,81.61115572749685,63.17121138524767,82.63402241252987,96.3207418168665,75.85250501992883,71.853032075992,65.73877828072081,66.05782087741429,77.31085937367276,83.82719296646118,63.22461620678407,97.58274356100662,90.20534469780785,83.4649567313465,93.13754683755963,63.20747027248453,79.07355510932497,85.20372507446653,93.14611624473157,91.3387824019707,71.08276998853599,97.63520678236817,64.97383365723482,95.00534474484608,98.83760998418475,67.08614092890502,88.88264256815141,61.61142075111994,76.2169130055662,80.65133196790697,83.22580903638536,97.43748992994239,86.8900274917678,79.25111804876948,92.38700145063558,98.02131283817636,60.882645947291635,99.30085089024155,63.44528556254721,92.57547117075046,71.21339010205651,65.28718631015487,77.5942255885534,85.75826317790454,75.238073800939,62.182616331307955,83.97844558634867,96.09613104442698,75.32861463789007,68.65331110523309,77.70309383731262,61.93450844195124,92.819503379211,93.05363243800747,83.52001853718514,74.12411555753557,91.99133457783134,82.18748099153468,93.03729234200065,85.25835170332083,488.7128330883843,77.41852290900452,91.77110679407049
91.37621892851189,83.9425197287104,76.56564272862664,98.3178343970455,81.64455299515379,84.20358074162154,68.81950557658998,85.02603157709106,82.86430597931775,67.393535917881,62.383483894125746,84.17437278859084,90.54769077401282,80.93605483688033,69.07090501278583,86.6608790677214,63.20422906438409,77.67334819207818,66.53467033593681,67.37836204239534,68.09175796632815,75.46828228175912,62.04600822481591,75.91173763716392,80.46829788458803,79.331771398653,75.31136401612162,93.5658643228301,65.81306769682017,80.22786975125496,62.48165667826217,62.84622715511639,82.95463398708385,82.64073699551284,95.12134051377828,82.31494702640293,98.39164081619401,61.94779393599719,63.92030739122964,61.76263446281526,67.4110740133416,81.65080443766712,85.82288725709712,61.82340631794675,97.83883559382397,93.68661506601524,71.86449928628372,63.087501209058715,66.7954829287623,65.0777765501989,64.93135117195787,80.74246754662936,69.83389769973601,74.32558866116578,99.58021333537289,87.3725699570138,97.95922668188005,65.70226220132463,75.28557899330278,82.18927213129417,63.07032247554952,60.16749774511831,86.8173733518767,85.67278067205741,76.43155239998447,79.5857630412813,76.61772002368359,60.960201793795555,73.41486424869849,67.0832902158916,63.93696756405475,98.26881735557399,83.97438900168663,89.14625136946411,72.6145497306447,75.72588517976061,69.47695975586893,63.87862683861699,67.16126549766335,91.90056181185943,87.10183220735104,81.87715503941908,79.00359491467071,96.89737134624498,62.90939791114673,71.22403252951663,73.99751414282856,91.29703248851152,99.70058480647884,69.62682059028612,94.97229336548322,93.22491041727164,68.98629590567066,75.97330320796891,76.38691477170076,99.12882674106234,67.23567605515593,91.96631884419128,73.36770856692439,89.23481383104641,484.9789179768445,75.931027678059,99.40458584352915
76.80044017182652,83.1343905246616,93.30447093304525,92.16662259935536,94.65692734158802,62.38469301378636,87.6820221215898,65.59949506887051,76.63274272073645,81.94353660218754,76.10957938987323,80.7844670321203,99.86105235194476,65.40869254851418,87.01824181345702,75.8400386554246,65.32039195629315,66.34947053497238,97.97092424982468,95.18405986847048,96.28167841660087,99.66131103309546,68.33261560034072,74.21757349456247,86.76876119699466,79.35210159442589,76.73558133513333,74.31244997342372,83.75122527773809,83.02373714560328,66.4583133625696,78.86959350073757,82.138871048394,82.81147754925561,68.40428771649407,89.69085569009147,61.00796379284279,74.19327422172651,91.20850594142534,82.5557168422161,70.4464973004344,87.79812477372191,82.69563776624294,91.84974437825548,89.40100744759293,84.40431688144939,79.52710701243257,65.32728502670093,70.45332071541534,76.76397891668341,83.97197148025555,80.5483142086122,71.52738103838118,60.25857431158842,79.84956887603255,71.42503954248973,89.3843320284214,60.95785061081934,83.39311245223163,97.65896950024262,66.97637068445998,78.86597963002382,63.65687967268553,85.02727649045411,82.02126722384902,76.2946209685133,80.85508085894965,95.86298633876041,67.85177209244269,60.90258046821389,94.46659538796405,83.08468329551626,95.6263382184737,83.8778089365269,92.40644359838811,77.18693453420592,89.99439725153076,96.52165867559424,82.88491854888825,67.23140602249518,70.75190460120793,67.94578307589623,69.87428110382932,72.25661797404146,82.20535147012754,83.51966517855331,77.05998988967444,84.61683119283342,63.262997024454634,63.511529482326395,66.87317841430634,80.7230999216138,68.55978714793254,71.3313761397031,76.01251344691977,92.47464496041519,60.554485436514405,85.9751528094649,86.75506124162742,91.94623121426545,200.71291833014567,83.97215757953327,99.53928577002587
97.31011756241253,60.80551395797159,66.15134822052865,95.44685176223973,78.34074248748061,82.58362555733854,86.5210881489259,87.1626641798255,97.26961613266033,99.87797669646679,88.80629843723761,71.48884836820604,95.19009609177374,61.96883658163046,69.24323411497986,95.89542869854859,70.2476605775742,68.82604238486994,65.52501172560989,94.36447030587667,80.00233036764347,86.99572812216618,69.56265536300118,90.32161684044866,90.40022179848394,72.503920996332,76.4273053204113,68.38761109720804,99.06244093291618,85.82410308233646,97.38175522862062,72.13542174516533,91.27563651987559,90.63434575538969,87.66622607466167,98.62555901067202,75.74221344425263,65.22869294359029,86.86835436976243,89.17239201908825,83.0024229383526,68.27271572533584,80.17823766677421,72.48758946276517,77.09866112666757,85.80874303378656,89.80858970763339,69.28898763605372,76.21301442587813,70.76646283966517,67.94526455447476,91.33548879983354,96.37010777747969,74.80928742738307,90.05115697495067,95.87981157457645,93.84496842120926,67.31253554156903,98.25167526053445,75.0670576171785,73.56962644695345,62.49725309111121,79.44694616419532,64.36054462563715,69.94159283709703,72.67770487069126,92.35305293966736,95.01954601583586,72.09865269845879,94.34792484978296,94.28923749479165,90.58603801539493,65.86780456060725,87.61291387602915,97.80096258322274,87.30161915068628,73.26467396431336,80.02317269723325,85.82900173404215,80.42281634914013,64.79811766923879,72.48256178608082,92.09584122214531,94.4567218438207,65.4920013086228,98.09547009594898,73.15290471394437,86.4925495492288,90.07300583826725,92.47784938551533,97.82998808903722,72.5167819211529,94.34025818206217,65.26747613744828,88.20163625414371,89.67910918055944,87.10892964805282,70.09258944540612,94.92172588060814,66.7543385348158,298.89940235695417,84.0041805716333,99.14864390220448
62.14539166083323,88.69859962447649,79.01902860930934,93.96392079834703,75.33588564233035,66.73114354030851,93.45768769879479,81.95638526560288,67.56783169561419,88.81535994345782,80.44454553958002,84.1725192896128,78.43593352826328,93.14835935272026,93.182508627322,88.37555287297545,64.2160550958585,93.55415447616275,86.84051922131638,87.88096664017198,74.51931361615486,95.17118224628027,89.0148640093943,64.50361866116778,76.3111213762465,95.45521447840567,61.88786806789516,98.45666478568198,87.1665027327825,85.25503910573507,70.82237025951966,69.95167154956708,97.68232877954381,71.93089816936491,91.02021186875997,75.72487192828316,65.57016283138816,60.42861190781436,81.77029348061004,99.0311527419573,74.76544775236817,74.2876933597218,73.76366471397768,80.82175349219433,77.62659533697175,95.19658506908058,80.22083166893961,80.31031352754275,65.53486378882226,99.30958163641543,69.99891563475319,62.934562698384106,86.52584995900835,83.8146548062749,76.60582615970984,76.88768935522712,91.40255684185725,67.82850560398596,92.81013275779559,85.94988455580072,76.75879095118097,78.32114466335474,70.26588828744383,90.084573307879,80.51498969221072,72.83418170999374,83.84200463043801,99.82937808205293,77.41049118626215,96.82765603114478,73.80067359698265,62.189308276999434,68.16968425473715,76.74780573310737,68.78539714378276,60.00908152873022,96.60006150990108,93.75517644923715,89.69168925947788,66.71258382584115,64.81454304839944,62.70418997889533,88.96116755091685,97.15231842751541,77.22143283652147,64.76562687984193,80.49571282928426,73.9532762983452,74.99299697399991,84.85322496622828,88.74872453048809,64.42414395492644,61.423609232259054,99.77321210742859,69.30913395662208,62.15322099633836,67.5950131638368,61.55831385393857,75.67243578468687,92.09607137805297,220.35132392670786,81.33101457273268,93.70158700255445
73.64977799030882,77.76733627513465,87.02347094269754,80.35576280279521,94.45782744085297,94.64142700183027,60.39642781964615,91.12185225932797,78.42934400966695,99.55362165214652,79.3292830350174,99.4758378155319,90.18277444822947,69.94419538453225,81.5357991714783,99.68542557914331,94.30122431007695,63.89467575164885,88.25487987239984,73.82318343483252,60.27929047521393,76.13923876107998,69.39017686899885,92.75477082081886,73.49322435383061,93.10094775815269,60.02391755339181,72.31276600104476,69.64660857231047,69.34269444274443,62.727464790618505,67.48497081642007,82.2219827954248,71.65444291350978,76.69579129316591,75.07467521388755,95.03619699999578,96.21195996042061,79.7182788662344,73.20623801262417,64.27202816009455,98.1361151752838,62.4090777960119,71.90601110273121,71.92264804680016,72.8160514456086,66.57147373089637,91.32645723694789,64.89991447863957,85.39626636612651,64.95384106823269,62.82142550371826,96.37718014743507,67.60515065274822,92.85000618238817,81.78523484428544,63.11426078435078,98.2179276575227,69.8784466796757,94.38581381410427,66.75240023138257,94.15771528567412,60.52915251621176,80.47121826277923,90.77770317686227,97.39182069971133,96.36808544825948,92.7849947819058,95.52765398645217,67.96878743348306,71.36737182846915,71.55874099684235,75.08215724006796,75.73282681540755,81.78221298618702,66.39519053465766,87.64986655143957,66.70266157218026,72.4123392841819,80.13380522424616,91.8576224609391,89.57876932954909,85.82137425642088,66.2309304232068,81.88181382462311,63.49786007199542,75.09452707186603,76.54066121159836,61.59245757783015,70.95952397879887,98.22597869065957,98.14530431318758,74.09308217010157,61.72400435793296,67.16379757312725,75.6887117373416,97.9111879187692,65.6479625414874,90.54063374672849,64.34730157498768,213.93619775098705,78.390297910487,90.15456616528867
99.25030309565108,75.26465996436539,91.00938155596225,73.70364331244528,85.10675508635235,67.68064338960147,65.8408407718785,97.52256558272525,96.70589111617734,95.49875760851529,85.01733800666373,92.33072844865113,62.761477476455,73.39156167562717,72.54812499028625,85.42581287810452,74.23831093882562,65.94027126574723,83.85868301654175,92.57535682676325,75.28493977839892,65.29074860393926,67.86752789251292,69.49933220677536,71.99590371978145,85.71180282025236,84.03781938150877,87.84319446268157,74.50007938126052,92.95990607519913,68.16350644623041,78.76162990072615,92.03754886165721,67.20634590930477,64.39452454963131,95.34735870751959,73.71718651036784,87.35480499636128,61.01394417055754,87.60187553637799,72.64405246187883,62.22963414349767,84.39251046192467,69.63215264292693,75.4722896820752,63.22323249146054,65.88653004379782,71.91908941983375,63.590380022406286,96.43305058745261,60.241881727359136,79.35440875457246,64.92989832530206,72.30716357911794,97.04238239273062,66.46778213095948,98.63329278873331,68.23177507957686,89.66264433867318,81.86709059589248,95.37914910387036,82.15973022012524,81.38236876625234,67.818320014736,66.64917448206634,96.65956604462056,73.11352795400137,74.88329019851584,90.39294633713553,73.5529392969123,98.0824978655601,89.517110759952,83.8971697029368,95.2358064217901,61.98423633397931,70.28250768756835,78.6014533688364,69.07914157886084,89.75620749208608,96.768321242149,76.95080479723694,73.6853040044758,98.46202928550265,77.79409731310163,79.56193601797133,74.06599489367622,96.38193892048554,82.75821933127403,90.48698348726579,92.47226873403545,73.67396167669033,77.3477732528152,93.93887097625058,74.5302140670324,91.75740533807405,97.63969290297749,84.92841492272028,89.66509149807555,92.2038924816454,93.8015859558657,114.75477894181311,78.49209574612661,99.28318562587725
75.80213351427184,62.05053836703993,76.07505084946958,86.95024919136358,78.01401543123171,89.95852603441594,74.27929717874656,85.38976564416117,67.45679219415898,89.97477746579827,81.82783875252103,68.16257554186402,71.6764469399123,89.94434834327329,79.30404942646084,68.64125761572289,98.6908476148119,88.60500079267553,98.28539330159185,77.08420181441373,79.00401362766883,95.91820864740077,81.0019736098154,88.29115647622669,70.0869150998212,77.86905874810563,64.9379946324142,68.23920143507847,60.037736610705245,61.57060206594641,99.09135292707717,69.6941478054705,86.53242838016007,93.56398795198446,82.02641836946256,66.12578000335824,89.12465749344665,84.01005640398333,89.250023573895,90.78986491428348,99.0164147073898,82.94253120106839,73.66564450762408,85.93858227600948,62.73762836970504,95.89589273286344,64.77524045352787,73.11371351543274,92.62981522504484,83.89249513322846,75.74542081109769,78.93742637500085,94.18189572808721,73.60017544239568,94.78598739248685,63.52537723906766,91.07193748834523,93.90190532218946,67.27270611349356,77.21386129488802,66.61999098654623,88.26416515976871,81.41391072246627,85.41293386833284,67.85947867824845,68.46983448209679,61.659893020396254,72.88270140782919,82.389786453347,94.31739655989315,86.67709789834723,77.41585293599006,98.12480457576551,88.76980802303328,97.206608114502,81.10351893088662,70.35617099172558,62.11306745458888,89.04339405935403,64.85211992022137,72.11100513087868,81.2988363153559,82.5766635111899,84.02332787948544,66.65021321398802,75.18949619286595,84.68776908467866,98.79275458535139,89.10524550798755,96.90415028375831,90.48848233256709,83.66867875569602,67.68093476545378,86.66742607570052,84.93518263839628,84.09876681829066,79.59143471952963,81.14626415957102,73.37770108472417,80.77250770569214,343.82573359195874,82.2595567887024,94.28184148317314
67.90223622713913,92.20697589441508,67.43107818794832,63.398651595578656,77.4498410542863,86.33229758024248,77.50867299734165,71.07016527805234,82.32684735561763,73.880093416488,97.31470760506532,96.90580558414288,80.09487279888381,73.11535976073034,89.48529655826556,61.468517739322664,78.99076024174605,73.45293577081334,96.82143540410219,60.4801210909073,82.11259502873396,89.62654324266504,79.40071950096166,63.41612120650887,98.8984556011161,80.72041725504391,84.56744977276045,69.46439130830029,79.33992340427216,77.16597967833287,62.99583368007935,64.24641414189868,93.49890078475099,69.5927980882636,67.79833085994522,80.19645805000557,90.74988525450053,62.47786074315952,83.07231678553023,64.76841771362294,61.45844203302474,62.1097580864887,93.36656432833766,64.71889934512247,61.806054576491675,77.51599548571649,93.75973887768099,70.49633505957208,76.86850470103666,61.59690130255005,77.96314056539504,83.10452322548535,82.8362821500858,73.2970676869746,72.62132722652542,64.26494475746392,74.67193282585073,63.979786754918585,90.66383778848206,98.65097190992743,98.80297826666828,94.60284397501576,84.03168597358476,88.0346278897552,71.40823210721656,85.23081680690483,78.2259819775951,79.2806935910773,90.31106241500632,71.27673422389006,72.7215844677808,96.98567164514546,62.24897179403889,79.42537193653362,96.51203201631446,84.41452031272628,81.85628296848529,69.9897671691742,73.73101956257793,94.08193663218772,82.36872527073832,80.5896877502712,63.98318854160116,60.64112625820493,98.54740754748197,75.07944669147366,84.12852248398018,63.1886029274914,87.32457142892187,97.30266834823843,83.02661011989679,65.04461289501643,83.26886109893907,90.6538885241861,76.25666146296075,95.19350991765872,85.94731813429458,95.9699567315681,84.9402124498935,65.25151888019298,301.07160929154463,83.97110259952578,99.6665481904367
72.38766844420756,68.07179793009828,96.3530599086745,90.4160026914993,87.05593475640023,72.03865278526487,67.36179088200853,90.25804351955648,78.96631783516318,69.03158208602517,84.664879126611,61.61335408553808,73.04681016513014,78.74227978364539,65.91833336437624,99.38617910363358,68.36389458358457,65.21412520173062,68.14139495547586,90.76244532638897,77.02022637087371,82.61663759010152,60.84036627945443,61.37725234293258,77.83302199308065,92.66620972806494,95.40955514830262,63.46826270382561,81.53452408404091,96.52918745117083,75.51891017591545,93.18263325713474,65.34782617597745,97.41577958671195,90.05693270125211,97.65337571147606,87.06468934210025,74.53615727997708,97.5272469009889,71.02267105236714,73.2869008824693,88.03233672006961,90.61265198101545,97.17613935396615,68.19209636224838,91.91992140876896,89.54184213587854,62.551782250143916,75.48892564840828,71.31061828240394,72.17961697416122,99.31787518218803,85.71109653919711,88.70704631173999,99.06470549260037,75.08807129830555,92.07360673811223,77.38123853217982,94.78134687259919,67.22630165245212,97.90744708257118,68.75086833643519,73.04882027923726,90.24768936427122,75.75020566261627,84.32845507065787,77.78294004277714,89.69479748359127,69.13325009474443,62.33831948947508,71.99717589892265,78.97234659473722,66.72080208770714,74.19189158625555,75.99932073174274,62.29567374753094,83.33228992736818,95.3737371188515,66.06971651812209,83.91232053606056,86.58956819643385,76.77338721677154,88.0439034945708,76.42926173964048,80.1854915190974,60.29412178217708,87.66880456538755,86.45370715778898,61.53603509305378,74.73000429580532,99.16127363166669,76.82946250274468,80.07781620527368,96.39720632638874,88.69047503463025,83.28280524496894,91.9121872536429,94.57465065823894,78.27552286949067,79.00433459727341,120.59150049999573,83.87086424265118,99.63619977089253
75.44203742607343,98.66824560073843,87.88665017161401,63.328922648322894,94.51838493252075,79.22239763345073,62.7501562568995,81.98869020653244,76.68657115902809,95.109976194505,68.1597841443755,93.05858437968732,82.3075476474181,62.18441212853876,98.87381205301938,80.50460976412799,71.6350741692633,78.77627367957032,94.31431134069956,72.19612497540254,67.70705585946801,65.16284987723526,71.91437593560845,91.20192348160174,78.86505460781046,69.0992641477416,66.64739998438996,73.30917906041516,97.59697491542835,73.72106850360097,99.5249630381854,79.40921823061424,67.16655673160604,95.64560367174037,78.41421492539308,88.38685374018098,99.34846332836608,62.00701401279896,63.867782391502686,88.81826965851025,71.27300013181888,67.37205587800396,61.57447519278918,60.87386847944807,90.97942412479163,65.377337094782,78.70882463884604,84.23587260717932,77.13407202275386,61.08426609344932,91.34006010351635,60.42052898166614,90.47559577509936,95.73217975152491,77.3135968422869,81.42169892391193,79.07933570470615,75.56834474493755,95.49698141481441,95.75734042679963,73.43265458566138,84.60279016058792,97.07630248583456,98.48233995765406,80.3583616168819,78.11299221137307,71.14777263714103,98.35487492761641,65.7125721789147,83.19318304190901,71.30201070074556,71.16033161391186,76.19874349504754,99.95171743262618,62.198652273592884,83.14167272814126,63.30288632141109,66.18083319962076,77.58251767091595,80.41840525385766,70.35169633458096,72.65828523497665,63.47868081023732,72.12879135377003,98.66233757522176,97.78829526689927,73.3951316054794,82.83415745115046,96.38381564443777,60.247352905635864,92.42734281350367,97.93478211155676,63.653029373342285,66.45790744131685,98.42985211085421,81.50160574561386,60.567865378868945,70.30527995054116,77.99774697075438,87.71635644099071,211.45858569464457,82.79875545857624,98.5300945546736
